agency,phone
M/s. MAAC International Facility Management Private Limited.,9958986677
M/s. MAAC International Facility Management Private Limited.,9958986677
M/s. MAAC International Facility Management Private Limited.,9958986677
M/s. V Inspirer Facility Management Pvt. Ltd.,9910803493
M/s. Sushil Kumar Singh,9350998661
M/s. Sushil Kumar Singh,9350998661
M/s. Milestone Security & Placement Services,9990053233
M/s. Milestone Security & Placement Services,9990053233
M/s. Sanjeev Kumar,9899718712
M/s. Tara Singh,9213224865
M/s. Sanjeev Kumar,9899718712
M/s. Dhiraj Gupta,9811115398
M/s. Joginder Singh,9910719234
M/s. Dhiraj Gupta,9811115398
M/s. Joginder Singh,9910719234
M/s. Ashok Kumar Sharma,9868266382
Operated by DMRC.,8800793116
Operated by DMRC.,8800793118
M/s. Ajay Kumar,9810035926
M/s. Ajay Kumar,9810035926
M/s. Kake Finvest Pvt. Ltd.,9810109914
M/s. Kake Finvest Pvt. Ltd.,9810109914
M/s. Kake Finvest Pvt. Ltd.,9810109914
M/s. MAAC International Facility Management Private Limited.,9958986677
M/s. MAAC International Facility Management Private Limited.,9958986677
M/s. MAAC International Facility Management Private Limited.,9958986677
Operated by DMRC.,8800793107
M/s. Jagtar Singh,9818572362
M/s. Rich Pal Singh,9891327777
M/s. Richpal Singh & Co.,9891327777
M/s. Sushil Kumar Singh,9350998661
M/s. Rich Pal Singh,9891327777
M/s. Rich Pal Singh,9891327777
M/s. Consortium of  Rich Pal Singh & M/s Rich Pal Singh and Co.,9891327777
M/s. Consortium of  Rich Pal Singh & M/s Rich Pal Singh and Co.,9891327777
M/s. Consortium of  Rich Pal Singh & M/s Rich Pal Singh and Co.,9891327777
M/s. Rich Pal Singh,9891327777
M/s. Joginder Singh,9910719234
M/s. Joginder Singh,9910719234
M/s. Joginder Singh,9910719234
Operated by DMRC.,8800793155
Operated by DMRC.,9205682374
M/s. Sushil Kumar Singh,9350998661
M/s. Dhiraj Gupta,9811115398
M/s. Ajay Kumar,9810035926
M/s. Ajay Kumar,9810035926
M/s. Surjeet,999970553
M/s. Tara Singh,9213224865
M/s. Ajay Kumar,9810035926
Operated by DMRC.,8800793173
Operated by DMRC.,8800793175
Operated by DMRC.,8800793174
Operated by DMRC.,8800793176
Operated by DMRC.,8800793177
M/s. MAAC International Facility Management Private Limited.,9958986677
M/s. MAAC International Facility Management Private Limited.,9958986677
M/s. MAAC International Facility Management Private Limited.,9958986677
M/s. MAAC International Facility Management Private Limited.,9958986677
M/s. Kake Finvest Pvt. Ltd.,9810109914
M/s. MAAC International Facility Management Private Limited.,9958986677
M/s. Kake Finvest Pvt. Ltd.,9810109914
M/s. Kake Finvest Pvt. Ltd.,9810109914
Operated by DMRC,8800793185
Operated by DMRC,8800793186
Operated by DMRC.,8800793188
Operated by DMRC.,8800793189
M/s. Sushil Kumar Singh,9350998661
M/s. MAAC International Facility Management Private Limited.,9958986677
M/s. Manpreet Singh & Co.,9810187157
M/s. Hindustan Trading Co.,9891014005
M/s. Hindustan Trading Co.,9891014005
M/s. Tara Singh,9213224865
M/s. Ashok Kumar Sharma,9868266382
M/s. Manpreet Singh & Co.,9810187157
M/s. Manpreet Singh & Co.,9810187157
M/s. Lakhvinder Singh,9818572362
M/s. Lakhvinder Singh,9818572362
M/s. Lakhvinder Singh,9818572362
M/s. Lakhvinder Singh,9818572362
M/s. Lakhvinder Singh,9818572362
M/s. Lakhvinder Singh.,9818572362
M/s. Sanjeev Kumar,9899718712
M/s. Sanjeev Kumar,9899718712
M/s. Ajay Kumar,9810035926
M/s. Ajay Kumar,9810035926
M/s. V Inspirer Facility Management Pvt. Ltd.,9910803493
M/s. Ajay Kumar.,9810035926
M/s. Ajay Kumar,9810035926
M/s. Milestone Security & Placement Services,9990053233
M/s. Milestone Security & Placement Services,9990053233
M/s. Dhiraj Gupta,9811115398
M/s. Ashok Kumar Sharma,9868266382
M/s. Dhiraj Gupta,9811115398
M/s. V Inspirer Facility Management Pvt. Ltd.,9910803493
M/s. V Inspirer Facility Management Pvt. Ltd.,9910803493
M/s. Dhiraj Gupta,9811115398
M/s. Milestone Security and Placement,9990053233
M/s. Milestone Security and Placement,9990053233
M/s. Milestone Security and Placement,9990053233
M/s. V Inspirer Facility Management Pvt. Ltd.,9910803493
M/s. Dhiraj Gupta,9811115398
M/s. Surjeet,999970553
Operated by DMRC,8448487765
M/s. Tara Singh,9213224865
M/s. V Inspirer Facility Management Pvt. Ltd.,9910803493
Operated by DMRC,9205682376
Operated by DMRC,9205682377
M/s. Dhiraj Gupta,9811115398
Operated by DMRC,8800793197
M/s. Manpreet Singh & Co.,9810187157